Date,Break Fvg,MC,Retrace,Rating,Result,Filter,Day,Month,R,Cumulative R,Week R,News,2nd Break, ,Expectancy,Total Days,Trades Taken,Win Rate,Loss Rate,Hit Rate ,Wins,,News,CPI,PPI,FOMC,FED,NFP,,,,,,
1-Apr-25,No,No,No,0,No Trade,No Set up,Monday,Apr,,0,,,,,1.210526316,161,57,73.68%,26.32%,35.40%,42,,Wins,0,1,0,2,1,,,,,,
2-Apr-25,yes,Yes,Yes,3,Loss,No Set up,Tuesday,Apr,-1,-1,,,,,,,,,,,,,Losses,2,1,0,1,0,,,,,,
3-Apr-25,No,No,No,0,No Trade,No Set up,Wednesday,Apr,,-1,,,,,Losses,Max losses,Max wins,Profit Factor,Sharpe Ratio,R Month,2nd Break ,,No trade,5,3,5,5,4,,,,,,
4-Apr-25,yes,Yes,Yes,3,Win,,Thursday,Apr,2,1,,,,,15,1,4,5.60,0.92,9.7,23,,Win rate,0.00%,20.00%,0.00%,25.00%,20.00%,,,,,,
5-Apr-25,yes,Yes,No,2,No Trade,,Friday,Apr,,1,1,,,,,,,,,,,,,,,,,,,,,,,
7-Apr-25,No,No,No,0,No Trade,No Set up,Monday,Apr,,1,,,,,Daily Stats,Total R,Trades Taken,Wins,Losses,Win Rate,Expectancy,,Rating Odds ,0 Star,1 Star,2 Star,3 Star,,,,,,,
8-Apr-25,No,No,No,0,No Trade,No Set up,Tuesday,Apr,,1,,,,,Monday,19,14,11,3,78.57%,1.36,,,36.00%,4.00%,26.86%,32.57%,,,,,,,
9-Apr-25,No,No,No,0,No Trade,No Set up,Wednesday,Apr,,1,,,,,Tuesday,18,15,11,4,73.33%,1.20,,,63,7,47,57,,,,,,,
10-Apr-25,yes,Yes,No,2,No Trade,No Set up,Thursday,Apr,,1,,CPI,,,Wednesday,3,6,3,3,50.00%,0.50,,,,,,,,,,,,,
11-Apr-25,No,Yes,Yes,2,No Trade,Avoided Loss,Friday,Apr,,1,0,PPI,,,Thursday,18,12,10,2,83.33%,1.50,,Filter ,Strength,Avoided Losses,Missed Wins,No Set up,,,,,,,
14-Apr-25,yes,No,Yes,2,No Trade,Avoided Loss,Monday,Apr,,1,,,,,Friday,11,10,7,3,70.00%,1.10,,52.35%,71.05%,27,11,64, ,,,,,,
15-Apr-25,No,No,No,0,No Trade,No Set up,Tuesday,Apr,,1,,,,,,,,,,,,,,,,,,,,,,,,
16-Apr-25,No,No,No,0,No Trade,No Set up,Wednesday,Apr,,1,,FED,,,Weekly Stats,Win weeks,Loss weeks,Flat Weeks,Average R,Best Week,Win Rate,,Consistency,Win Streak,Loss Streak,Average R per day,Std dev of R,,,,,,,
17-Apr-25,No,No,No,0,No Trade,No Set up,Thursday,Apr,,1,0,,,,33,24,3,5,2.13,6,88.89%,,31.59%,4,1,1.210526316,1.33,,,,,,,
21-Apr-25,No,No,No,0,No Trade,No Set up,Monday,Apr,,1,,,,,,,,,,,,,,,,,,,,,,,,
22-Apr-25,yes,No,Yes,2,No Trade,Avoided Loss,Tuesday,Apr,,1,,,,,Monthly Stats,Total R >4,Trades,Wins,Losses,Win Rate,Expectancy,,,,,,,,,,,,,
23-Apr-25,No,No,No,0,No Trade,No Set up,Wednesday,Apr,,1,,,,,April,5,4,3,1,75.00%,1.25,,,,,,,,,,,,,
24-Apr-25,yes,Yes,No,2,No Trade,Missed Win,Thursday,Apr,,1,,,,,May,7,8,5,3,62.50%,0.88,,,,,,,,,,,,,
25-Apr-25,yes,No,No,1,No Trade,No Set up,Friday,Apr,,1,0,,,,June,12,9,7,2,77.78%,1.33,,,,,,,,,,,,,
28-Apr-25,yes,No,No,1,No Trade,No Set up,Monday,Apr,,1,,,,,July,5,7,4,3,57.14%,0.71,,,,,,,,,,,,,
29-Apr-25,yes,Yes,Yes,3,Win,,Tuesday,Apr,2,3,,,,,August,12,9,7,2,77.78%,1.33,,,,,,,,,,,,,
30-Apr-25,yes,Yes,Yes,3,Win,,Wednesday,Apr,2,5,,,,,September,15,9,8,1,88.89%,1.67,,,,,,,,,,,,,
1-May-25,No,No,No,0,No Trade,Avoided Loss,Thursday,May,,5,,,,,October,12,9,7,2,77.78%,1.33,,,,,,,,,,,,,
2-May-25,No,No,No,0,No Trade,Avoided Loss,Friday,May,,5,4,NFP,,,November,1,2,1,1,50.00%,0.50,,,,,,,,,,,,,
5-May-25,yes,Yes,Yes,3,Loss,,Monday,May,-1,4,,,,,Total,68,55,41,14,74.55%,1.13,,,,,,,,,,,,,
6-May-25,yes,Yes,No,2,No Trade,Avoided Loss,Tuesday,May,,4,,,,,,,,,,,,,,,,,,,,,,,,
7-May-25,No,No,No,0,No Trade,No Set up,Wednesday,May,,4,,FOMC,,,,,,,,,,,,,,,,,,,,,,
8-May-25,No,No,No,0,No Trade,No Set up,Thursday,May,,4,,,,,,,,,,,,,,,,,,,,,,,,
9-May-25,yes,Yes,Yes,3,Win,,Friday,May,2,6,-1,,Yes ,,,,,,,,,,,,,,,,,,,,,
12-May-25,yes,Yes,No,2,No Trade,Avoided Loss,Monday,May,,6,,,,,,,,,,,,,,,,,,,,,,,,
13-May-25,yes,Yes,No,2,No Trade,No Set up,Tuesday,May,,6,,CPI,,,,,,,,,,,,,,,,,,,,,,
14-May-25,yes,Yes,Yes,3,Loss,,Wednesday,May,-1,5,,,Yes ,,,,,,,,,,,,,,,,,,,,,
15-May-25,yes,No,Yes,2,No Trade,Avoided Loss,Thursday,May,,5,,FED,,,,,,,,,,,,,,,,,,,,,,
16-May-25,No,No,No,0,No Trade,No Set up,Friday,May,,5,-1,,,,,,,,,,,,,,,,,,,,,,,
19-May-25,yes,Yes,Yes,3,Win,,Monday,May,2,7,,,Yes,,,,,,,,,,,,,,,,,,,,,
20-May-25,yes,No,Yes,2,No Trade,Avoided Loss,Tuesday,May,,7,,,,,,,,,,,,,,,,,,,,,,,,
21-May-25,No,No,No,0,No Trade,No Set up,Wednesday,May,,7,,,,,,,,,,,,,,,,,,,,,,,,
22-May-25,yes,Yes,Yes,3,Win,,Thursday,May,2,9,,,Yes ,,,,,,,,,,,,,,,,,,,,,
23-May-25,yes,Yes,Yes,3,Loss,,Friday,May,-1,8,3,,,,,,,,,,,,,,,,,,,,,,,
26-May-25,No,No,No,0,No Trade,No Set up,Monday,May,,8,,,,,,,,,,,,,,,,,,,,,,,,
27-May-25,yes,Yes,No,2,No Trade,Missed Win,Tuesday,May,,8,,,,,,,,,,,,,,,,,,,,,,,,
28-May-25,yes,Yes,Yes,3,Win,,Wednesday,May,2,10,,,Yes ,,,,,,,,,,,,,,,,,,,,,
29-May-25,yes,No,No,1,No Trade,No Set up,Thursday,May,,10,,,,,,,,,,,,,,,,,,,,,,,,
30-May-25,yes,Yes,Yes,3,Win,,Friday,May,2,12,4,,Yes ,,,,,,,,,,,,,,,,,,,,,
2-Jun-25,No,No,No,0,No Trade,Missed Win,Monday,Jun,,12,,FED,,,,,,,,,,,,,,,,,,,,,,
3-Jun-25,No,No,No,0,No Trade,Avoided Loss,Tuesday,Jun,,12,,,,,,,,,,,,,,,,,,,,,,,,
4-Jun-25,No,No,No,0,No Trade,No Set up,Wednesday,Jun,,12,,,,,,,,,,,,,,,,,,,,,,,,
5-Jun-25,Yes,Yes,Yes,3,Win,,Thursday,Jun,2,14,,,,,,,,,,,,,,,,,,,,,,,,
6-Jun-25,Yes,Yes,No,2,No Trade,No Set up,Friday,Jun,,14,2,NFP,,,,,,,,,,,,,,,,,,,,,,
9-Jun-25,Yes,Yes,Yes,3,Win,,Monday,Jun,2,16,,,Yes ,,,,,,,,,,,,,,,,,,,,,
10-Jun-25,Yes,Yes,No,2,No Trade,No Set up,Tuesday,Jun,,16,,,,,,,,,,,,,,,,,,,,,,,,
11-Jun-25,Yes,Yes,Yes,3,Loss,,Wednesday,Jun,-1,15,,CPI,,,,,,,,,,,,,,,,,,,,,,
12-Jun-25,Yes,Yes,Yes,3,Win,,Thursday,Jun,2,17,,PPI,,,,,,,,,,,,,,,,,,,,,,
13-Jun-25,Yes,Yes,Yes,3,Win,,Friday,Jun,2,19,5,,,,,,,,,,,,,,,,,,,,,,,
16-Jun-25,Yes,Yes,Yes,3,Win,,Monday,Jun,2,21,,,,,,,,,,,,,,,,,,,,,,,,
17-Jun-25,Yes,Yes,Yes,3,Win,,Tuesday,Jun,2,23,,,Yes ,,,,,,,,,,,,,,,,,,,,,
18-Jun-25,No,No,No,0,No Trade,No Set up,Wednesday,Jun,,23,,FOMC,,,,,,,,,,,,,,,,,,,,,,
19-Jun-25,Yes,Yes,No,2,No Trade,No Set up,Thursday,Jun,,23,,,,,,,,,,,,,,,,,,,,,,,,
20-Jun-25,Yes,Yes,No,2,No Trade,No Set up,Friday,Jun,,23,4,,,,,,,,,,,,,,,,,,,,,,,
23-Jun-25,Yes,Yes,Yes,3,Win,,Monday,Jun,2,25,,,Yes ,,,,,,,,,,,,,,,,,,,,,
24-Jun-25,Yes,Yes,No,2,No Trade,No Set up,Tuesday,Jun,,25,,,,,,,,,,,,,,,,,,,,,,,,
25-Jun-25,Yes,Yes,Yes,3,Loss,,Wednesday,Jun,-1,24,,,,,,,,,,,,,,,,,,,,,,,,
26-Jun-25,Yes,No,Yes,2,No Trade,No Set up,Thursday,Jun,,24,,,,,,,,,,,,,,,,,,,,,,,,
27-Jun-25,Yes,Yes,No,2,No Trade,No Set up,Friday,Jun,,24,1,,,,,,,,,,,,,,,,,,,,,,,
30-Jun-25,Yes,No,Yes,2,No Trade,Avoided Loss,Monday,Jun,,24,,,,,,,,,,,,,,,,,,,,,,,,
1-Jul-25,Yes,No,Yes,2,No Trade,Missed Win,Tuesday,Jul,,24,,,,,,,,,,,,,,,,,,,,,,,,
2-Jul-25,No,No,No,0,No Trade,No Set up,Wednesday,Jul,,24,,,,,,,,,,,,,,,,,,,,,,,,
3-Jul-25,Yes,Yes,Yes,3,Win,,Thursday,Jul,2,26,,NFP,Yes ,,,,,,,,,,,,,,,,,,,,,
4-Jul-25,No,No,No,0,No Trade,Avoided Loss,Friday,Jul,,26,2,,,,,,,,,,,,,,,,,,,,,,,
7-Jul-25,Yes,Yes,Yes,3,Win,,Monday,Jul,2,28,,,,,,,,,,,,,,,,,,,,,,,,
8-Jul-25,No,No,No,0,No Trade,No Set up,Tuesday,Jul,,28,,,,,,,,,,,,,,,,,,,,,,,,
9-Jul-25,No,Yes,Yes,2,No Trade,No Set up,Wednesday,Jul,,28,,,,,,,,,,,,,,,,,,,,,,,,
10-Jul-25,Yes,Yes,Yes,3,Win,,Thursday,Jul,2,30,,,,,,,,,,,,,,,,,,,,,,,,
11-Jul-25,Yes,Yes,Yes,3,Loss,,Friday,Jul,-1,29,3,,,,,,,,,,,,,,,,,,,,,,,
14-Jul-25,Yes,No,No,1,No Trade,Avoided Loss,Monday,Jul,,29,,,,,,,,,,,,,,,,,,,,,,,,
15-Jul-25,No,Yes,Yes,2,No Trade,No Set up,Tuesday,Jul,,29,,CPI,,,,,,,,,,,,,,,,,,,,,,
16-Jul-25,No,No,Yes,1,No Trade,No Set up,Wednesday,Jul,,29,,PPI,,,,,,,,,,,,,,,,,,,,,,
17-Jul-25,Yes,Yes,No,2,No Trade,Avoided Loss,Thursday,Jul,,29,,,,,,,,,,,,,,,,,,,,,,,,
18-Jul-25,Yes,Yes,No,2,No Trade,Missed Win,Friday,Jul,,29,0,,,,,,,,,,,,,,,,,,,,,,,
21-Jul-25,No,No,No,0,No Trade,Avoided Loss,Monday,Jul,,29,,,,,,,,,,,,,,,,,,,,,,,,
22-Jul-25,Yes,Yes,Yes,3,Loss,,Tuesday,Jul,-1,28,,FED,,,,,,,,,,,,,,,,,,,,,,
23-Jul-25,Yes,Yes,No,2,No Trade,Avoided Loss,Wednesday,Jul,,28,,,,,,,,,,,,,,,,,,,,,,,,
24-Jul-25,Yes,Yes,Yes,3,Win,,Thursday,Jul,2,30,,,,,,,,,,,,,,,,,,,,,,,,
25-Jul-25,Yes,Yes,No,2,No Trade,Avoided Loss,Friday,Jul,,30,1,,,,,,,,,,,,,,,,,,,,,,,
28-Jul-25,No,No,No,0,No Trade,Avoided Loss,Monday,,,30,,,,,,,,,,,,,,,,,,,,,,,,
29-Jul-25,Yes,Yes,Yes,3,Loss,,Tuesday,Jul,-1,29,,,,,,,,,,,,,,,,,,,,,,,,
30-Jul-25,Yes,No,Yes,2,No Trade,Avoided Loss,Wednesday,Jul,,29,,FOMC,,,,,,,,,,,,,,,,,,,,,,
31-Jul-25,No,No,No,0,No Trade,No Set up,Thursday,Jul,,29,,,,,,,,,,,,,,,,,,,,,,,,
1-Aug-25,No,No,No,0,No Trade,No Set up,Friday,Aug,,29,-1,NFP,,,,,,,,,,,,,,,,,,,,,,
4-Aug-25,Yes,Yes,Yes,3,Win,,Monday,Aug,2,31,,,,,,,,,,,,,,,,,,,,,,,,
5-Aug-25,Yes,Yes,Yes,3,Win,,Tuesday,Aug,2,33,,,,,,,,,,,,,,,,,,,,,,,,
6-Aug-25,Yes,No,Yes,2,No Trade,No Set up,Wednesday,Aug,,33,,,,,,,,,,,,,,,,,,,,,,,,
7-Aug-25,Yes,Yes,Yes,3,Win,,Thursday,Aug,2,35,,,,,,,,,,,,,,,,,,,,,,,,
8-Aug-25,Yes,Yes,No,2,No Trade,No Set up,Friday,Aug,,35,6,,,,,,,,,,,,,,,,,,,,,,,
11-Aug-25,Yes,Yes,Yes,3,Win,,Monday,Aug,2,37,,,Yes ,,,,,,,,,,,,,,,,,,,,,
12-Aug-25,Yes,Yes,No,2,No Trade,No Set up,Tuesday,Aug,,37,,CPI,,,,,,,,,,,,,,,,,,,,,,
13-Aug-25,Yes,Yes,No,2,No Trade,Avoided Loss,Wednesday,Aug,,37,,,,,,,,,,,,,,,,,,,,,,,,
14-Aug-25,Yes,Yes,Yes,3,Loss,,Thursday,Aug,-1,36,,PPI,,,,,,,,,,,,,,,,,,,,,,
15-Aug-25,No,No,No,0,No Trade,,Friday,Aug,,36,1,,,,,,,,,,,,,,,,,,,,,,,
18-Aug-25,Yes,Yes,Yes,3,Loss,,Monday,Aug,-1,35,,,,,,,,,,,,,,,,,,,,,,,,
19-Aug-25,Yes,Yes,Yes,3,Win,,Tuesday,Aug,2,37,,,,,,,,,,,,,,,,,,,,,,,,
20-Aug-25,Yes,Yes,Yes,3,Win,,Wednesday,Aug,2,39,,,Yes ,,,,,,,,,,,,,,,,,,,,,
21-Aug-25,Yes,Yes,No,2,No Trade,Avoided Loss,Thursday,Aug,,39,,,,,,,,,,,,,,,,,,,,,,,,
22-Aug-25,No,No,No,0,No Trade,No Set up,Friday,Aug,,39,3,FED,,,,,,,,,,,,,,,,,,,,,,
25-Aug-25,Yes,Yes,No,2,No Trade,Missed Win,Monday,Aug,,39,,,,,,,,,,,,,,,,,,,,,,,,
26-Aug-25,No,No,No,0,No Trade,No Set up,Tuesday,Aug,,39,,,,,,,,,,,,,,,,,,,,,,,,
27-Aug-25,Yes,Yes,No,2,No Trade,No Set up,Wednesday,Aug,,39,,,,,,,,,,,,,,,,,,,,,,,,
28-Aug-25,No,No,No,0,No Trade,No Set up,Thursday,Aug,,39,,,,,,,,,,,,,,,,,,,,,,,,
29-Aug-25,Yes,Yes,Yes,3,Win,,Friday,Aug,2,41,2,,,,,,,,,,,,,,,,,,,,,,,
1-Sep-25,Yes,Yes,No,2,No Trade,No Set up,Monday,Sept,,41,,,,,,,,,,,,,,,,,,,,,,,,
2-Sep-25,Yes,Yes,Yes,3,Win,,Tuesday,Sept,2,43,,,,,,,,,,,,,,,,,,,,,,,,
3-Sep-25,Yes,Yes,No,2,No Trade,Missed Win,Wednesday,Sept,,43,,,Yes ,,,,,,,,,,,,,,,,,,,,,
4-Sep-25,Yes,No,Yes,2,No Trade,Avoided Loss,Thursday,Sept,,43,,,,,,,,,,,,,,,,,,,,,,,,
5-Sep-25,Yes,Yes,No,2,No Trade,Missed Win,Friday,Sept,,43,2,NFP,,,,,,,,,,,,,,,,,,,,,,
8-Sep-25,No,No,No,0,No Trade,No Set up,Monday,Sept,,43,,,,,,,,,,,,,,,,,,,,,,,,
9-Sep-25,Yes,Yes,Yes,3,loss,,Tuesday,Sept,-1,42,,,,,,,,,,,,,,,,,,,,,,,,
10-Sep-25,No,No,No,0,No Trade,No Set up,Wednesday,Sept,,42,,PPI,,,,,,,,,,,,,,,,,,,,,,
11-Sep-25,Yes,No,No,1,No Trade,Missed Win,Thursday,Sept,,42,,CPI,,,,,,,,,,,,,,,,,,,,,,
12-Sep-25,Yes,Yes,Yes,3,Win,,Friday,Sept,2,44,1,,,,,,,,,,,,,,,,,,,,,,,
15-Sep-25,No,No,No,0,No Trade,No Set up,Monday,Sept,,44,,,,,,,,,,,,,,,,,,,,,,,,
16-Sep-25,Yes,Yes,Yes,3,Win,,Tuesday,Sept,2,46,,,,,,,,,,,,,,,,,,,,,,,,
17-Sep-25,No,No,No,0,No Trade,No Set up,Wednesday,Sept,,46,,FOMC,,,,,,,,,,,,,,,,,,,,,,
18-Sep-25,Yes,Yes,Yes,3,Win,,Thursday,Sept,2,48,,,Yes ,,,,,,,,,,,,,,,,,,,,,
19-Sep-25,No,No,No,0,No Trade,No Set up,Friday,Sept,,48,4,,,,,,,,,,,,,,,,,,,,,,,
22-Sep-25,Yes,Yes,Yes,3,Win,,Monday,Sept,2,50,,,,,,,,,,,,,,,,,,,,,,,,
23-Sep-25,Yes,Yes,Yes,3,Win,,Tuesday,Sept,2,52,,FED,,,,,,,,,,,,,,,,,,,,,,
24-Sep-25,Yes,No,Yes,2,No Trade,Avoided Loss,Wednesday,Sept,,52,,,,,,,,,,,,,,,,,,,,,,,,
25-Sep-25,Yes,No,No,1,No Trade,No Set up,Thursday,Sept,,52,,,,,,,,,,,,,,,,,,,,,,,,
26-Sep-25,Yes,Yes,Yes,3,Win,,Friday,Sept,2,54,6,,,,,,,,,,,,,,,,,,,,,,,
29-Sep-25,No,No,No,0,No Trade,No Set up,Monday,Sept,,54,,,,,,,,,,,,,,,,,,,,,,,,
30-Sep-25,Yes,Yes,Yes,3,Win,,Tuesday,Sept,2,56,,,Yes ,,,,,,,,,,,,,,,,,,,,,
1-Oct-25,No,No,No,0,No Trade,No Set up,Wednesday,Oct,,56,,,,,,,,,,,,,,,,,,,,,,,,
2-Oct-25,No,No,No,0,No Trade,No Set up,Thursday,Oct,,56,,,,,,,,,,,,,,,,,,,,,,,,
3-Oct-25,Yes,Yes,Yes,3,Win,,Friday,Oct,2,58,4,,,,,,,,,,,,,,,,,,,,,,,
6-Oct-25,Yes,Yes,Yes,3,Win,,Monday,Oct,2,60,,,Yes ,,,,,,,,,,,,,,,,,,,,,
7-Oct-25,Yes,Yes,Yes,3,Win,,Tuesday,Oct,2,62,,,Yes ,,,,,,,,,,,,,,,,,,,,,
8-Oct-25,No,No,No,0,No Trade,No Set up,Wednesday,Oct,,62,,,,,,,,,,,,,,,,,,,,,,,,
9-Oct-25,Yes,Yes,No,2,No Trade,Missed Win,Thursday,Oct,,62,,FED,,,,,,,,,,,,,,,,,,,,,,
10-Oct-25,No,No,No,0,No Trade,Avoided Loss,Friday,Oct,,62,4,,,,,,,,,,,,,,,,,,,,,,,
13-Oct-25,No,No,No,0,No Trade,No Set up,Monday,Oct,,62,,,,,,,,,,,,,,,,,,,,,,,,
14-Oct-25,Yes,Yes,Yes,3,Win,,Tuesday,Oct,2,64,,FED,Yes ,,,,,,,,,,,,,,,,,,,,,
15-Oct-25,Yes,Yes,No,2,No Trade,Missed Win,Wednesday,Oct,,64,,,,,,,,,,,,,,,,,,,,,,,,
16-Oct-25,Yes,Yes,Yes,3,Loss,,Thursday,Oct,-1,63,,,,,,,,,,,,,,,,,,,,,,,,
17-Oct-25,Yes,Yes,No,2,No Trade,Avoided Loss,Friday,Oct,,63,1,,,,,,,,,,,,,,,,,,,,,,,
20-Oct-25,Yes,Yes,Yes,3,Win,,Monday,Oct,2,65,,,Yes ,,,,,,,,,,,,,,,,,,,,,
21-Oct-25,Yes,Yes,Yes,3,Win,,Tuesday,Oct,2,67,,,Yes ,,,,,,,,,,,,,,,,,,,,,
22-Oct-25,No,No,No,0,No Trade,No Set up,Wednesday,Oct,,67,,,,,,,,,,,,,,,,,,,,,,,,
23-Oct-25,Yes,Yes,Yes,3,Win,,Thursday,Oct,2,69,,,,,,,,,,,,,,,,,,,,,,,,
24-Oct-25,Yes,Yes,Yes,3,Loss,,Friday,Oct,-1,68,5,CPI,,,,,,,,,,,,,,,,,,,,,,
27-Oct-25,No,No,No,0,No Trade,No Set up,Monday,Oct,,68,,,,,,,,,,,,,,,,,,,,,,,,
28-Oct-25,No,No,No,0,No Trade,No Set up,Tuesday,Oct,,68,,,,,,,,,,,,,,,,,,,,,,,,
29-Oct-25,Yes,Yes,No,2,No Trade,Avoided Loss,Wednesday,Oct,,68,,FOMC,,,,,,,,,,,,,,,,,,,,,,
30-Oct-25,Yes,Yes,No,2,No Trade,No Set up,Thursday,Oct,,68,,,,,,,,,,,,,,,,,,,,,,,,
31-Oct-25,No,No,No,0,No Trade,No Set up,Friday,Oct,,68,0,,,,,,,,,,,,,,,,,,,,,,,
3-Nov-25,Yes,Yes,Yes,3,Win,,Monday,Nov,2,70,,,Yes ,,,,,,,,,,,,,,,,,,,,,
4-Nov-25,No,No,No,0,No Trade,No Set up,Tuesday,Nov,,70,,,,,,,,,,,,,,,,,,,,,,,,
5-Nov-25,Yes,No,Yes,2,no Trade,Avoided Loss,Wednesday,Nov,,70,,,,,,,,,,,,,,,,,,,,,,,,
6-Nov-25,Yes,Yes,No,2,No Trade,No Set up,Thursday,Nov,,70,,,,,,,,,,,,,,,,,,,,,,,,
7-Nov-25,No,No,No,0,No Trade,No Set up,Friday,Nov,,70,2,,,,,,,,,,,,,,,,,,,,,,,
10-Nov-25,Yes,Yes,Yes,3,Loss,,Monday,Nov,-1,69,,,,,,,,,,,,,,,,,,,,,,,,
11-Nov-25,,,,0,,,,,,69,,,,,,,,,,,,,,,,,,,,,,,,
12-Nov-25,,,,0,,,,,,69,,,,,,,,,,,,,,,,,,,,,,,,
13-Nov-25,,,,0,,,,,,69,,,,,,,,,,,,,,,,,,,,,,,,
14-Nov-25,,,,0,,,,,,69,,,,,,,,,,,,,,,,,,,,,,,,
17-Nov-25,,,,0,,,,,,69,,,,,,,,,,,,,,,,,,,,,,,,
18-Nov-25,,,,0,,,,,,69,,,,,,,,,,,,,,,,,,,,,,,,
19-Nov-25,,,,0,,,,,,69,,,,,,,,,,,,,,,,,,,,,,,,
20-Nov-25,,,,0,,,,,,69,,,,,,,,,,,,,,,,,,,,,,,,
21-Nov-25,,,,0,,,,,,69,,,,,,,,,,,,,,,,,,,,,,,,
24-Nov-25,,,,0,,,,,,69,,,,,,,,,,,,,,,,,,,,,,,,
25-Nov-25,,,,0,,,,,,69,,,,,,,,,,,,,,,,,,,,,,,,
26-Nov-25,,,,0,,,,,,69,,,,,,,,,,,,,,,,,,,,,,,,
27-Nov-25,,,,0,,,,,,69,,,,,,,,,,,,,,,,,,,,,,,,
28-Nov-25,,,,0,,,,,,69,,,,,,,,,,,,,,,,,,,,,,,,
,,,,,,,,,,,,,,,,,,,,,,,,,,,,,,,,,,
